Missing Percentage,MCAR,MAR,MNAR
10%,0.05941818514838815,0.044286444783210754,0.06430954486131668
20%,0.053678092546761036,0.04954999499022961,0.07223846763372421
30%,0.05080180335789919,0.04805091209709644,0.06885309237986803
40%,0.047110079787671566,0.05567113682627678,0.06509518902748823
50%,0.05337354261428118,0.05216732434928417,0.06161692552268505
