Missing Percentage,MCAR,MAR,MNAR
10%,0.05712234228849411,0.051022956147789955,0.059223524294793606
20%,0.054377710446715355,0.05110227223485708,0.07164668757468462
30%,0.05589421186596155,0.06272448226809502,0.06459202989935875
40%,0.053005059249699116,0.05399156454950571,0.06038967426866293
50%,0.04893669858574867,0.05452232249081135,0.05689986702054739
