Method,Accuracy,Precision,Recall,F1 Score,Specificity,NPV,ROC AUC,Avg Precision
Our Train-Test Split,0.5920398009950248,0.46218487394957986,0.3548387096774194,0.40145985401459855,0.7408906882591093,0.6466431095406361,0.5833877497714509,0.48995586482068143
Paper Simple,,,,0.4489,,,,
Paper kNN,,,,0.4567,,,,
Paper MICE,,,,0.4421,,,,
Paper MF,,,,0.4553,,,,
Paper NAA,,,,0.4632,,,,
Paper I-NAA,,,,0.4799,,,,
Paper GAIN,,,,0.4672,,,,
Paper I-GAIN,,,,0.4755,,,,
