accuracy,precision,recall,f1,specificity,npv,precision_class0,precision_class1,recall_class0,recall_class1,roc_auc,avg_precision,model_name
0.5920398009950248,0.4634146341463415,0.36774193548387096,0.41007194244604317,0.7327935222672065,0.6487455197132617,0.6487455197132617,0.4634146341463415,0.7327935222672065,0.36774193548387096,0.5128248661355622,0.4036768439407581,Random Forest (Test Set)
