accuracy,precision,recall,f1,specificity,npv,precision_class0,precision_class1,recall_class0,recall_class1,roc_auc,avg_precision,method,dataset
0.9925373134328358,0.9810126582278481,1.0,0.9904153354632588,0.9878542510121457,1.0,1.0,0.9810126582278481,0.9878542510121457,1.0,0.9942666840799269,0.9850401441587587,Train-Test Split,Physionet Heart Failure
