accuracy,precision,recall,f1,specificity,npv,precision_class0,precision_class1,recall_class0,recall_class1,roc_auc,avg_precision,method,dataset
0.5920398009950248,0.46218487394957986,0.3548387096774194,0.40145985401459855,0.7408906882591093,0.6466431095406361,0.6466431095406361,0.46218487394957986,0.7408906882591093,0.3548387096774194,0.5833877497714509,0.48995586482068143,Train-Test Split,Physionet Heart Failure
