Missing Percentage,MCAR,MAR,MNAR
10%,0.05826574470847845,0.04652596823871136,0.07179457787424326
20%,0.0511911204084754,0.05131600517779589,0.06752724759280682
30%,0.050131636671721935,0.05739906709641218,0.06928308960050344
40%,0.0475096981972456,0.05382572952657938,0.06592886708676815
50%,0.051986015401780605,0.05235651694238186,0.06328254099935293
