Missing Percentage,MCAR,MAR,MNAR
10%,0.04628634825348854,0.06317436089739203,0.08004270121455193
20%,0.04940903652459383,0.061641099862754345,0.07099611964076757
30%,0.050769954919815063,0.05831515323370695,0.07148822117596865
40%,0.05215108394622803,0.05629182979464531,0.06624100543558598
50%,0.050777205266058445,0.052321748808026314,0.06081137526780367
