Missing Percentage,MNAR
10%,0.046932514756917953
20%,0.04941222257912159
30%,0.049164341762661934
40%,0.059047240763902664
50%,0.06875381991267204
