Missing Percentage,MCAR,MAR,MNAR
10%,0.05367472302168608,0.052062503062188625,0.07170373201370239
20%,0.0562291294336319,0.056716712191700935,0.0665826192125678
30%,0.05535911209881306,0.058699424378573895,0.06619714945554733
40%,0.05151008255779743,0.05308477394282818,0.06197170726954937
50%,0.053711019456386566,0.051982966251671314,0.0571261877194047
