Missing Percentage,MNAR
10%,0.048328121891245246
20%,0.05063551617786288
30%,0.05091274343430996
40%,0.05723687447607517
50%,0.0681881234049797
