Missing Percentage,MCAR,MAR,MNAR
10%,0.05293956492096186,0.043482184410095215,0.06021696701645851
20%,0.057912472635507584,0.04494245909154415,0.0603903578594327
30%,0.057946753688156605,0.048726051580160856,0.06041646096855402
40%,0.05615463014692068,0.0504965353757143,0.058704731054604053
50%,0.05595733970403671,0.049989910796284676,0.05458306614309549
