Missing Percentage,MNAR
10%,0.055586275178939104
20%,0.04742554295808077
30%,0.05262525472790003
40%,0.06381980516016483
50%,0.0736384391784668
