Missing Percentage,MNAR
10%,0.06476359628140926
20%,0.05897280015051365
30%,0.06263291649520397
40%,0.07445449754595757
50%,0.08755893539637327
