Missing Percentage,MCAR,MAR,MNAR
10%,0.04382221354171634,0.06104802526533604,0.08886201679706573
20%,0.04470741003751755,0.052044810727238655,0.07027957029640675
30%,0.050943633541464806,0.0530572896823287,0.06522218231111765
40%,0.05302966572344303,0.056096065789461136,0.0563111137598753
50%,0.04879135638475418,0.05253091361373663,0.05520397424697876
