Missing Percentage,MCAR,MAR,MNAR
10%,0.0527734262868762,0.044962264597415924,0.07278178539127111
20%,0.054909356869757175,0.05928187072277069,0.0787607952952385
30%,0.051773810759186745,0.05464314203709364,0.06921806465834379
40%,0.0489552253857255,0.053822753950953484,0.06579471845179796
50%,0.050286393612623215,0.05203695595264435,0.06353139504790306
