Missing Percentage,MNAR
10%,0.05129791842773557
20%,0.05878701712936163
30%,0.05754406563937664
40%,0.06397853139787912
50%,0.074776791036129
