Missing Percentage,MCAR,MAR,MNAR
10%,0.0569428876042366,0.05224344413727522,0.05941149964928627
20%,0.0481133870780468,0.056058830581605434,0.06920113041996956
30%,0.05381818115711212,0.04817555146291852,0.0669274227693677
40%,0.055336358956992626,0.05216521769762039,0.06320629362016916
50%,0.052332005463540554,0.05256581958383322,0.05675426218658686
