Missing Percentage,MCAR,MAR,MNAR
10%,0.0056609828025102615,0.011234711855649948,0.011819109320640564
20%,0.005200702231377363,0.022266199812293053,0.004291925113648176
30%,0.007022363133728504,0.006105402950197458,0.0009280865197069943
40%,0.004790045320987701,0.004247900564223528,0.0011834724573418498
50%,0.004288082011044025,0.003392011160030961,0.001143034896813333
