Missing Percentage,MCAR,MAR,MNAR
10%,0.015109561383724213,0.02496442012488842,0.019576383754611015
20%,0.014996313489973545,0.01608693227171898,0.006835722364485264
30%,0.003036295995116234,0.002144088037312031,0.0017685284838080406
40%,0.00696788402274251,0.004490084480494261,0.0010617382358759642
50%,0.005264677572995424,0.005758487619459629,0.0006481704767793417
