Missing Percentage,MCAR,MAR,MNAR
10%,0.05826574470847845,0.05316610261797905,0.04824243579059839
20%,0.047605360858142376,0.05969405360519886,0.0654137497767806
30%,0.05239351373165846,0.05210092570632696,0.06905612163245678
40%,0.052018411457538605,0.05515336897224188,0.06540948897600174
50%,0.04971736203879118,0.05396663397550583,0.06402228772640228
