Missing Percentage,MCAR,MAR,MNAR
10%,0.05611674766987562,0.06165016256272793,0.08757663611322641
20%,0.04630192182958126,0.053882772102952003,0.07359776273369789
30%,0.05041481554508209,0.05802510492503643,0.07258721068501472
40%,0.05172524694353342,0.053453220054507256,0.06752351857721806
50%,0.050293752923607826,0.05441638920456171,0.06188604887574911
