Missing Percentage,MCAR,MAR,MNAR
10%,0.05866955500096083,0.04630899149924517,0.07137507293373346
20%,0.05150178447365761,0.05122494790703058,0.06662266328930855
30%,0.05049416981637478,0.057186227291822433,0.06728038284927607
40%,0.04743320727720857,0.05331308674067259,0.06362910103052855
50%,0.05126290023326874,0.05125454906374216,0.06069854740053415
