Missing Percentage,MCAR,MAR,MNAR
10%,0.04768240824341774,0.04759135190397501,0.061078873462975025
20%,0.051018512807786465,0.046730983071029186,0.053092507645487785
30%,0.04939763341099024,0.056138839572668076,0.049330348148941994
40%,0.05199974216520786,0.060855827294290066,0.041749563068151474
50%,0.046978553757071495,0.05738609191030264,0.04081099247559905
