Missing Percentage,MCAR,MAR,MNAR
10%,0.05533936433494091,0.04177951533347368,0.07310563046485186
20%,0.05135700711980462,0.0566630307585001,0.0748059693723917
30%,0.04966331645846367,0.062410496175289154,0.06796395778656006
40%,0.04886181093752384,0.05590114649385214,0.06301053147763014
50%,0.05234414804726839,0.05109964217990637,0.05826061498373747
