Missing Percentage,MCAR,MAR,MNAR
10%,0.05607491359114647,0.05329822422936559,0.0672068390995264
20%,0.049513318575918674,0.05721412040293217,0.06731529254466295
30%,0.060876077972352505,0.055773958563804626,0.06316728796809912
40%,0.05854123458266258,0.056902206502854824,0.06031123735010624
50%,0.05321816727519035,0.056223209016025066,0.05588002596050501
