Missing Percentage,MCAR,MAR,MNAR
10%,0.04958766419440508,0.06219702120870352,0.08115601725876331
20%,0.050270358100533485,0.055233641527593136,0.0814963448792696
30%,0.05064099468290806,0.05728982109576464,0.07991111651062965
40%,0.053188493475317955,0.05503746960312128,0.07369064353406429
50%,0.05031529627740383,0.055917100980877876,0.06724814139306545
