Missing Percentage,MCAR,MAR,MNAR
10%,0.04808684065937996,0.055800712667405605,0.07234214525669813
20%,0.053485593758523464,0.05344817414879799,0.07095158845186234
30%,0.04825292341411114,0.052133665420114994,0.07043144851922989
40%,0.04988786019384861,0.05547779891639948,0.06540569849312305
50%,0.05137182306498289,0.05170480161905289,0.05928789917379618
